Registration Number,Timestamp,IP
,,
,,
,,
,,
,,
,,
,,
,,
,,
,,
,,
,,
,,
,,
,,
,,
,,
,,
99220041252.0,2025-02-25 14:56:24.701453,10.2.22.197
99220041253.0,2025-02-25 15:15:57.396595,10.2.22.197
99220041253.0,2025-02-25 15:16:04.838056,10.2.22.197
99220041253.0,2025-02-25 15:16:53.232003,10.2.22.197
99220041246.0,2025-02-25 15:17:00.256805,10.2.22.197
99220041274.0,2025-02-25 15:19:12.061540,10.2.22.197
99220041275.0,2025-02-25 16:44:01.871093,10.2.22.197
99220041278.0,2025-02-25 16:54:00.453533,10.2.22.197
99220041200.0,2025-02-25 16:56:24.738133,10.2.22.197
99220041175.0,2025-02-25 16:57:07.808286,10.2.22.197
99220041175.0,2025-02-25 16:57:49.415585,10.2.22.197
99220041178,2025-02-25 16:58:13.113008,10.2.22.197
